{
  "timeline": [
    {
      "id": 1,
      "title": "Licenciatura em Administração Pública",
      "institution": "Instituto Politécnico de Leiria",
      "date": "2019-08-01",
      "status": "completed",
      "description": "Licenciatura em Administração Pública concluída em 08/2019"
    },
    {
      "id": 2,
      "title": "Pós‑graduação em Gestão de Projetos",
      "institution": "Instituto Politécnico de Leiria",
      "date": "2022-07-01",
      "status": "completed",
      "description": "Pós‑graduação em Gestão de Projetos concluída entre 10/2021 e 07/2022"
    },
    {
      "id": 3,
      "title": "Mestrado em Gestão de Sistemas de Informação",
      "institution": "NOVA IMS",
      "date": "2025-10-01",
      "status": "planned",
      "description": "Mestrado em Gestão de Sistemas de Informação iniciado em 07/2023, com conclusão prevista em 10/2025"
    },
    {
      "id": 4,
      "title": "CCP — Certificação de Formadores",
      "institution": "ENA / IEFP",
      "date": "2021-04-01",
      "status": "completed",
      "description": "Certificação de Competências Pedagógicas emitida em 04/2021"
    },
    {
      "id": 5,
      "title": "Certified Project Management Associate",
      "institution": "IPMA",
      "date": "2022-09-01",
      "status": "completed",
      "description": "Certificação IPMA nível D/C em gestão de projectos emitida em 09/2022"
    },
    {
      "id": 6,
      "title": "GPM‑b Certified Green Project Manager",
      "institution": "PMI",
      "date": "2022-12-01",
      "status": "completed",
      "description": "Certificação GPM‑b com selo PMI emitida em 12/2022"
    }
  ]
}